id|name
5168|Asia
73|China
670|Shanxi
87|Singapore
622|Huainan
5169|Africa
90|South_Africa
3189|Pietermaritzburg
3174|Bloemfontein
5172|Europe
58|Moldova
2550|Tiraspol
5170|South_America
11|Brazil
356|Taubaté
300|Rio_de_Janeiro
3175|eMalahleni
3171|Johannesburg
22|Czech_Republic
748|Hradec_Králové
749|Prague
674|Zhengzhou
621|Hangzhou
5173|North_America
104|United_States
3948|Princess_Anne
4073|New_York_City
38|India
1730|Bhiwani
1362|Bhubaneswar
641|Guilin
1618|Kanivenarayanapura
1173|Bangalore
99|Thailand
3447|Nakhon_Pathom_Province
3453|Nakhon_Nayok_Province
30|Ethiopia
900|Jimma
893|Addis_Ababa
1312|Mangalore
1309|Baharampur
1|Algeria
127|Algiers
1353|Taliparamba
93|Sri_Lanka
3325|Colombo
80|Republic_of_Ireland
3020|Wexford
74|Peru
3028|County_Dublin
100|Tunisia
3483|El_Mourouj
3479|Sfax
376|Limeira
299|Niterói
1541|Malbazar
1186|Chennai
3480|La_Marsa
3482|Tunis
3139|Singapore
3143|Jurong_West
21|Cuba
739|Santiago_de_Cuba
742|Havana
75|Philippines
2891|Virac
2736|Bangued
1779|Dakshin_Barasat
682|Yantai
678|Fuling_District
1736|Tuni
1293|Indore
39|Indonesia
2028|Blitar
54|Malta
1985|Banjarmasin
1509|Ghoshpur
1681|Kalimpong
28|England
866|Cambridge
103|United_Kingdom
817|Birmingham
19|Colombia
701|Buenaventura
690|Neiva
2551|Chi?in?u
827|Northampton
57|Mexico
42|Italy
14|Canada
447|London
4335|Normal
3606|Nashville
98|Tanzania
3445|Mzumbe_morogoro
3442|Dar_es_Salaam
129|Batna
131|Annaba
642|Anqing
2545|Zacatecas
2498|Toluca
32|France
1000|Orsay
929|Évry
675|Zhangzhou
12|Bulgaria
60|Morocco
2554|Casablanca
2556|Marrakech
35|Honduras
1153|Tegucigalpa
656|Huanggang
658|Lanzhou
620|Shenyang
627|Binzhou
76|Poland
2991|Radom
2979|Warsaw
1525|Sikar_district
668|Shihezi
1996|Serang
1865|Doimukh
70|Pakistan
2656|Sialkot
2649|Rawalpindi
1981|Kupang
1995|Jimbaran
83|Russia
3094|Biysk
3069|Krasnoyarsk
364|São_Leopoldo
2664|Khairpur
2652|Lahore
1547|Konnagar
92|Spain
3312|Elche
3267|Castellón_de_la_Plana
683|Quanzhou
840|Oxford
818|Middlesbrough
2014|Depok
4134|Elon
66|Niger
624|Shanghai
4552|Downtown_Brooklyn
1202|Sundar_Nagar
55|Mauritania
3899|Gainesville
328|Campos_dos_Goytacazes
33|Germany
1103|Esslingen_am_Neckar
1030|Cologne
684|Xinxiang
3112|Kuzbass
3067|Tula
661|Xinzheng
636|Nanjing
7|Belarus
40|Iran
2060|Garmsar
2030|Shahrekord
61|Namibia
2560|Windhoek
56|Mauritius
26|Egypt
3109|Zelenograd
3083|Saint_Petersburg
1684|Kukatpally
2990|Bydgoszcz
2972|Katowice
1046|Berlin
1026|Fulda
102|Ukraine
3545|Ternopil
3538|Donetsk
2496|Chapingo
2495|Irapuato
63|Netherlands
2590|Middelburg
2570|Amsterdam
2835|Pasig
2737|Miag-ao
681|Jinan
317|Uberlândia
2944|New_Manila_City
82|Romania
2734|Cebu_City
1805|Namchi
680|Nan'an_District
1717|Lonavala
2574|Rotterdam
4939|Oswego
666|Foshan
52|Madagascar
2430|Antananarivo
2144|Enna
2107|Bra
43|Japan
2188|Higashi?saka
2167|Aomori
2003|Pontianak
1986|Bangkalan
2186|Ginowan
2180|?tsuki
46|Kenya
2415|Nyeri
2407|Nakuru
2233|Kobe
2205|Suginami
644|Baoding
2542|Morelia
2500|Mexico_City
3439|Morogoro
5056|Fairhope
3093|Barnaul
101|Turkey
3505|Mersin
3491|?zmit
53|Malaysia
2473|Seri_Iskandar
2443|George_Town
1548|Peermade
1380|New_Delhi
671|Bengbu
2481|Miri
9|Bolivia
2439|Kuala_Lumpur
648|Qingdao
676|Beibei_District
679|Anshan
799|Cairo
631|Brooklyn
637|Wuhan
4832|Blue_Bell
4077|Upper_East_Side
2729|Tacna
2730|Cusco
1073|Kaiserslautern
78|Puerto_Rico
2683|Rahim_Yar_Khan
1721|Hugli-Chuchura
355|Goiânia
306|Belo_Horizonte
3177|Saldanha
4647|Ocala
15|Cambodia
414|Phnom_Penh
335|Bauru
1849|Budge_Budge
1188|Gwalior
1910|Sanquelim
1242|Bajwara
370|Uruguaiana
302|Manaus
1953|Amravati
5|Austria
1575|Korangad
1368|Ujjain
2412|Thika
2409|Nairobi
1269|Bobbili
1348|Patna
629|Xiangtan
1675|Kuttikkattoor
13|Burma
405|Taungoo_Township
404|Sittwe_District
1072|Baden-Württemberg
1023|Heidelberg
3078|Irkutsk
3070|Magnitogorsk
1526|Laxmangarh
3475|Phitsanulok
3454|Songkhla
691|Pasto
41|Israel
107|Vietnam
5143|Ho_Chi_Minh_City
5141|Hanoi
1913|Verna
3551|Kharkiv
3549|Odessa
897|Awasa
34|Greece
1125|Heraklion
1115|Athens
1853|Mangalbari
677|Chengdu
77|Portugal
2998|Coimbra
8|Belgium
281|Steenokkerzeel
667|Qiqihar
62|Nepal
2563|Kathmandu
2561|Pokhara
2975|Lublin
2974|Wroc?aw
65|Nicaragua
2609|Managua
368|Petrolina
1882|Sagar
2845|Mati
2739|Batangas_City
832|Hastings
94|Swaziland
25|Dominican_Republic
789|Santo_Domingo
2813|Zamboanga_City
2740|Mandaluyong
2727|Callao
2723|Lima
1795|Mehsana
2704|District_Chiniot
3508|Aydın
1994|Badung_Regency
89|Slovenia
1982|Banda_Aceh
2677|Wah_Cantonment
4709|San_Jacinto
5171|Australia
72|Papua_New_Guinea
2716|Goroka
2714|Port_Moresby
1988|Surabaya
1984|Manado
1999|Purwokerto
2013|Magelang
877|Reading
86|Senegal
3138|Saint-Louis
17|Chad
601|Abidjan
3297|Vilanova_i_la_Geltrú
3273|Madrid
2029|Chah_Bahar
2031|Ilam
1732|Kultali
2037|Rasht
651|Kunming
2160|Cremona
1004|Munich
3|Argentina
137|Presidencia_Roque_Sáenz_Peña
139|San_Antonio_de_Padua
105|Uruguay
5130|Montevideo
3532|Elâzı?
3489|Ankara
672|Fuzhou
2487|Nouakchott
623|Xi'an
625|Guangzhou
983|Turin
926|Toulouse
1185|Kolkata
1034|Frankfurt
1024|Iserlohn
796|Ramadan_City
1006|Clermont-Ferrand
49|Liberia
942|Nantes
3166|Ljubljana
3169|Bled
2765|Tacloban
2559|Ifrane
2558|Fes
1562|Warananagar
5150|Da_Nang
5145|Hung_Yen_province
718|Villavicencio
686|Bogotá
1346|Nirjuli
5151|Vietnam
1927|Chhatarpur_district
1491|Sagar_Island
1341|Basirhat
1299|Vaniyambadi
1261|Siliguri
128|El_Harrach
1979|Gorontalo
663|Shenzhen
176|Ushuaia
134|Buenos_Aires
646|Harbin
2041|Bojnord
18|Chile
2046|Sanandaj
2035|Mashhad
647|Suzhou
1442|Kalady
2824|San_Jose_Drive
2738|Lucena
2691|Daur
2161|Zagarolo
2108|Brescia
2363|Tsuyama
2168|Nara
2208|Kofu
2173|Kumamoto
2355|?taki
2174|Niigata
4401|Fall_River
3608|Manhattan
797|El_Shorouk
2576|Tilburg
2572|Utrecht
653|Hefei
1643|Murshidabad
639|Nanning
1544|Beldanga
1514|Amtala
68|Norway
2978|Koszalin
108|Wales
5153|Barry
3555|Cardiff
2997|Lisbon
3002|Almada
110|Zambia
5165|Lusaka
5164|Kitwe
711|Montería
689|Cartagena
5144|Nghe_An_province
1576|Sangareddi_Mandal
1174|Kota
3095|Yaroslavl
645|Nanchong
937|Nanterre
326|São_Carlos
301|Recife
2009|Mataram
339|Frutal
3460|Bangkok
3446|Pathum_Thani_Province
1246|Allahabad
1289|Hyderabad
1601|Tirunelveli
1587|Alipurduar
2267|Nishijin
685|Putian
848|Plymouth
652|Ma'anshan
24|Democratic_Republic_of_the_Congo
759|Kisangani
762|Goma
371|Maceió
84|Rwanda
3118|Butare
97|Tajikistan
3438|Khorugh
4606|Scotts_Valley
809|New_Borg_El-Arab_City
801|Monufia_Governorate
1701|Electronics_City
662|Tianjin
619|Chongqing
6|Azerbaijan
3441|Dodoma
2055|Kashan
2033|Birjand
50|Libya
10|Bosnia_and_Herzegovina
290|Sarajevo
293|Mostar
106|Venezuela
5134|Monagas
5131|Barquisimeto
2020|Inderalaya
2007|Ciputat
1983|Bandung
632|Luoyang
979|Nîmes
928|Cergy
3455|Watthana_District
2674|Ahmedpur_Sial
2012|Bandar_Lampung
1313|Jalpaiguri
626|Beijing
1858|Gokulpur-Harishpur
806|Banha
802|Bilbeis
1672|Chak_Islampur
2784|Bacolod_City
1421|Nalgonda
1708|Tamluk
2499|Jiquilpan
903|Gondar
1664|Indas
1379|Majdia
1962|Porur
2579|Wageningen
1044|Ilmenau
4895|Charter_Township_of_Clinton
1760|Bhatkal
2724|Arequipa
4070|San_Francisco
3056|Satu_Mare
3053|Constan?a
1720|Ulundurpet
1755|Tiruvalla
3066|Saratov
3104|Dolgoprudny
1848|Muzaffarnagar
4028|Waxahachie
5167|Kabwe
2|Angola
1408|Bareilly
1743|Ravulapalem
1901|Charashyamdas
448|Sackville
422|Roblin
1480|Jodhpur
3548|Dnipropetrovsk
3539|Chernivtsi
4597|Draper
79|Taiwan
3414|Miao_Li_City
3413|Fengshan_District
3515|Erdemli
3488|Gebze
3755|El_Paso
3570|Presteigne
361|Sorocaba
338|Almenara
958|Lyon
69|Oman
2644|Muscat
444|Mississauga
423|St._Anns
1106|Oldenburg
44|Jordan
2800|Taguig
71|Panama
1516|Kodakara
1191|Lucknow
971|Boulogne-sur-Mer
4838|Youngstown
91|South_Korea
3214|Seongbuk-gu
3193|Jeju_City
2152|L'Aquila
2109|Milan
758|Lubumbashi
757|Kinshasa
126|Bab_Ezzouar
3757|Milwaukee
654|Dalian
2015|Central_Jakarta
3085|Vladivostok
3867|Incline_Village–Crystal_Bay
2486|San_Gwann
2503|Ensenada
2524|San_Nicolás_de_los_Garza
2513|Pedro_Escobedo
3902|Amherst
630|Changsha
363|Brazil
3197|Incheon
600|Chad
1734|Udupi
898|Mettu
902|Dire_Dawa
1505|Kalyan
160|Luján_Province
3771|Macon
1654|Cooch_Behar_district
2034|Bushehr
1874|Kalinagar
2980|Kraków
3068|Zaoksky
4705|Henniker
4983|Grundy
3244|Chung_Yang_Ri
3199|Seongnam
3114|St._Petersburg
4761|Cobleskill
3607|The_Bronx
3536|Tekirda?
3533|Manisa
2668|Major_Cities
2666|Swabi
96|Switzerland
3392|Wettingen
3387|St._Gallen
2002|Manokwari
1989|Medan
4507|Haw_River
130|Oran
303|Porto_Alegre
16|Cameroon
417|Bangangté
416|Buea
1636|Vadakkencherry
633|Yinchuan
1301|Kodambakkam
1007|Avignon
3588|Neath
2914|Clark_Freeport_Zone
1610|Rohtak
1192|Madurai
1428|Hubli
3566|West_Sussex
4477|Haverhill
2753|Cagayan_de_Oro_City
5166|Ndola
2830|San_Carlos
3811|Fulton
3914|Hamden
95|Sweden
3367|Malmö
3358|Jönköping
2318|Wakaba-ku
990|Angoulême
638|Ürümqi
4994|Porterville
1528|Chandrakona
1533|Patiala
1291|Bhopal
1355|Egra
952|Pune
3595|Loughborough
831|Brighton
1226|Guindy
1763|Shiroda
3185|Alice
3176|Mthatha
998|Cachan
992|Le_Bourget-du-Lac
2521|Montemorelos
2493|Mexicali
1388|Veeraraghavapuram
5107|Arcata
1599|Manesar
1631|Bishnupur
3550|Simferopol
3537|Kiev
567|Nelson
418|Saskatoon
2653|Multan
640|Dongying
2285|Imizu
2252|Chikusa-ku
3186|Umlazi
4|Australia
2450|Sintok
2206|Narashino
2954|Capas
2806|Davao_City
1179|Kasaragod
1358|Jaipur
3088|Murmansk
362|Toledo
1105|Cottbus
1029|Reutlingen
635|Kowloon
1217|Bandra
5021|Carson
234|Ourimbah
180|Melbourne
1904|Pookode
3886|Canby
4038|Seattle
4139|Factoryville
3839|Bowling_Green
5149|Long_Xuyen
655|Shantou
3525|Fındıklı
3490|Gaziantep
946|Brest
3513|Edirne
3492|Istanbul
3464|Nonthaburi
3476|Phetchaburi_Province
2199|Chiba
2170|Takamatsu
1378|Neemara_Alwar
3507|Merkez
1237|Motihari
1540|Rupnagar
1616|Pulinkunnu
3084|Krasnodar
3237|Cheongju
344|Piracicaba
4442|Concordia
3234|Changwon_City
3194|Daejeon
3569|Treforest
871|Falmer
3187|Port_Alfred
1905|Gurdaspur
810|Giza
3106|Yoshkar-Ola
3096|Ulyanovsk
31|Finland
910|Lappeenranta
906|Helsinki
1537|Oragadam
2408|Kikuyu
529|Bible_Hill
85|Scotland
2693|Sargodha
3355|Örebro
3361|Gothenburg
608|Temuco
602|Santiago
2951|Rodriguez
2735|Arakan
657|Taiyuan
852|Central_London
2671|Nilore
2676|Mirpur
64|New_Zealand
2593|Invercargill
437|Hamilton
628|Chenzhou
81|Republic_of_Macedonia
3045|Bitola
3044|Skopje
2010|Surakarta
659|Shijiazhuang
3074|Vologda
473|Laval
419|Surrey
2421|Benghazi
2801|Intramuros
1821|Darjeeling
754|Zlín
109|Yemen
5155|Ibb
5161|Dhamar
403|Pyin_U_Lwin
401|Insein_Township
415|Borey_Seang_Nam
2005|Tangerang
1698|Adoni
1268|Bankura
1789|Baratala
2279|Nagakute
1727|Bargarh
1553|Belda
1485|Talcher
1513|Modinagar
1746|Maynaguri
1061|Nordhausen
23|Denmark
786|Northern_Jutland
788|North_Zealand
1096|Birkenfeld
643|Nanchang
1304|Jind
650|Yueyang
1065|Weimar
1079|Lübeck
673|Pudong
29|Estonia
1207|Thane
804|Al_Fayoum
800|Sohag
760|Bas-Congo
865|Aston_University
825|New_Oscott
1465|Berhampur
3172|Durban
1596|Barisha
3190|Fourways
4224|Mitchell
1823|Raebareli
1294|Nashik
1431|Nerul
2817|Sablayan
1700|Sirsa
1916|Santiniketan
2684|Nawabshah
1793|Kansbahal
1786|Palpara
1579|Kurukshetra
634|Zhuhai
2006|Samarinda
3144|Bukit_Batok
2001|Jambi_City
3472|Chiang_Rai_city
3448|Pathum_Thani
389|Varna
393|Pleven
2072|Shahrud
2128|Bergamo
2680|Tando_Jam
2153|Marino
2110|Venice
1818|Sainthia
2491|Monterrey
1215|Mahishadal
196|Box_Hill
184|Sydney_central_business_district
4092|Danbury
2555|Tangier-Tetouan
2667|Bahria_Town
3581|Tiverton
1141|Drama
1137|Florina
3128|Millport
3120|Glasgow
0|Afghanistan
118|Kabul
113|Asadabad
2585|'s-Hertogenbosch
262|Ganja
260|Baku
267|Mogilev
2198|Saitama
2171|Kanazawa
3774|Poplar_Bluff
808|Shorouk_city
3075|Perm
246|Kapfenberg
249|Vienna
1517|Chinnakangiyanur
2539|Santa_Catarina
388|Volgograd
3544|Lviv
3554|Zaporizhia
3181|Mhlathuze
348|Maringá
3287|Jaén
3268|Palencia
36|Hong_Kong
1158|Hong_Kong_Island
1157|Mong_Kok
2688|Margalla_Hills
3504|Karabük
1445|Palta_people
3516|Trabzon
369|Barreiras
3049|Cluj-Napoca
3052|Ia?i
345|Apucarana
395|Plovdiv
380|Veliko_Tarnovo
1303|Agra
2387|Kita-ku
3564|Penryn
1584|Ballygunge
3110|Yakutsk
3097|Saransk
1799|Khammam_district
2523|Campeche
2492|Puebla
798|New_Cairo
421|Corner_Brook
426|Winnipeg
547|Alma
2650|Abbottabad
350|Paranavaí
2797|Legazpi
894|Nekemte
2659|Larkana_District
2672|Peshawar
901|Debre_Marqos
537|Mbabane
1885|Pala
2516|Ixtlán_de_Juárez
4620|Tomball
669|Macau
1156|Hung_Hom
1155|Ma_Liu_Shui
1764|Gunupur
2413|Eldoret
1363|Bagula
2178|Hachi?ji
2169|Takatsu-ku
1401|Amta_I
45|Kazakhstan
2405|Astana
2406|Almaty
2284|Kunitachi
2172|Tsu
843|St_Helens
660|Hengyang
665|Songjiang_District
1998|Makassar
3076|Moscow_International_Business_Center
1241|Madipakkam
1954|Navsari
1369|Haldia
1315|Sambalpur
1975|Suisa
3759|Valdosta
20|Croatia
3743|Rangely
1325|Jiaganj_Azimganj
713|Arauca
2367|K?t?
1281|Karur
1573|Chenniyandavar_Kovil
1440|Pilani
59|Mongolia
905|Shashamane
1845|Udaynarayanpur
1092|Mainz
895|Bahir_Dar
268|Brussels
1816|Dagapur
3280|Villanueva_de_la_Cañada
5061|Annville_Township
4897|Newton_Centre
2708|Chakdara
2562|Gwarko
1907|Vandavasi
1987|Jakarta
3527|Kastamonu
1572|Alapakkam
1570|Darbhanga
3065|Ulan-Ude
1267|Bagalkot
3466|Khon_Kaen
784|Roskilde
770|Sønderborg
406|Lanmadaw_Township
400|Yangon
2983|Szczecin
5157|Sana'a
3933|Platteville
814|Helwan
649|Hong_Kong
1822|Kumbakonam
3037|Thurles
142|San_Juan
135|Various
1391|Coimbatore
933|Biscarosse
2686|Rabwah
115|Karachi
2025|Palangkaraya
1909|Gangarampur
3369|Alnarp
3357|Solna_Municipality
47|Laos
2416|Vientiane
1039|Wernigerode
3477|Cha-Am_District
2859|Bacolor
615|La_Serena
604|Valdivia
5147|Hu?
3517|Adıyaman
309|Petrópolis
1377|Nabapally
1411|Guwahati
1894|Sarang
1676|Lumami
4900|Wheeling
1477|Chandausi
1154|El_Zamorano
1670|Asannagar
2569|Lalitpur
4075|Virginia_Beach
2410|Kitale
5163|Monze
4439|Dahlonega
3851|Lake_Milton
1436|Panaji
1600|Durg
203|Geelong
201|Sydney
1881|Nainital
3618|College_Park
1199|Shibpur
3988|Englewood_Cliffs
4633|Wildwood
1870|Tiruvarur
3858|Brookville
4416|Adrian
410|Mandalay
48|Latvia
1678|Salt_Lake_City
1860|Dhanbad
3072|Kemerovo_Oblast
1788|Surampalem
365|Ubatuba
5156|Al_Hudaydah
1558|Sanjauli
2658|Jhang
1817|Vattamalaipalayam
1970|Patrasayer
1946|Cherukunnam
1245|Tamil_Nadu
3487|Bursa
2681|Jamshoro
1812|Madhyagram
159|Chilecito
133|Posadas
3440|Arusha
4017|Trinidad
2402|Salt
2395|Amman
1468|Salem
1310|Bhavnagar
1659|Karnal
1850|Saravanampatti
37|Hungary
1166|Gy?r
1164|Budapest
316|Brasília
5146|C?n_Th?
1758|Chandkheda
2156|Cosenza
2011|West_Java
1336|Sion
2696|Gilgit
1801|Gopiballavpur
4830|Merced
4778|Natchitoches
4044|Cochran
2018|Denpasar
3803|Waltham
3937|Notre_Damena
1807|Islampur
847|Coventry
2299|Ky?tanabe
2203|Inage-ku
360|Jataí
1321|Farrakka_Barrage_Township
2062|Majlesi
2049|Tehran
3465|Mueang_Nakhon_Nayok_District
3452|Chiang_Mai
2334|Ikoma
2383|Minoh
2510|Coyoacán
409|Zalokkwin
88|Slovakia
3162|Trnava
3158|Bratislava
1811|Goaltore
1394|Karaikudi
1340|Chakdaha
3006|Vigo
1454|Maligram
1761|Sasaram
1666|Baru_Sahib
1054|Bingen_am_Rhein
1529|Pundibari
1352|Jammu
1183|Munsirhat
2854|Ortigas_Center
2023|Palu
1943|Krishna
3785|Killeen
1935|Bhangar
170|Morón
1317|Ernakulam
266|Grodno
343|Ponta_Grossa
2654|New_Muslim_Town
3557|Worcester
1588|Nabagram
3417|Taipei
3409|Tainan
2702|Shalimar
3578|Swansea
706|Duitama
4258|Winterville
1928|Garia
2319|Musashino
2932|Ragay
2956|Sto._Rosario
1328|Dehradun
327|Lavras
3423|Dacun
3339|Horana
687|Fusagasugá
3082|Monino
1906|Jalandhar
2008|West_Papua
194|Waramanga
183|Batchelor
1841|Ashta
999|Melun
1063|Vallendar
955|Nancy
3173|Bellville
3228|Hwaseong
479|Whitehorse
2976|Pu?tusk
51|Lithuania
761|Boma
2973|Bielsko-Bia?a
2994|Cz?stochowa
1768|Kottiyam
727|Osijek
723|Split
1977|Vyasanagar
503|Garden_River_First_Nation
462|Oakville
3840|Ironton
1176|Thanjavur
3153|Bencoolen_Street
5154|Ystrad_Mynach
4144|Littleton
3547|Luhansk
2417|Riga
1725|Moyna
3935|Kingsville
315|Feira_de_Santana
1053|Lemgo
1027|Heilbronn
2024|Kendari
2665|Khuzdar
4801|Woodland
2552|Comrat
2638|Kjeller
2622|Stavanger
2673|Shorkot
1739|North_India
2275|Himeji
3473|Nakhon_Si_Thammarat_Province
1539|Jhargram
3789|Galesburg
2053|Ahvaz
2032|Sabzevar
2287|Matsuyama
812|Qena
2064|Amol
375|Resende
698|Santa_Marta
5152|Nha_Trang
2707|Larkana
3494|Eski?ehir
1502|Tumkur
2955|Lamut
2501|Tijuana
3092|Voronezh
1571|Deoband
853|Ormskirk
805|Port_Said
795|Alexandria
1466|Bhagalpur
1507|Rishra
4476|Great_Barrington
1449|Loni
3462|Samut_Prakan_Province
308|Criciúma
311|Salvador
1056|Braunschweig
3059|Bihor_County
3048|Gala?i
3589|King's_Lynn
829|Manchester
27|El_Salvador
816|San_Salvador
921|Seinäjoki
907|Joensuu
2610|Niamey
4959|Richland_Center
1918|Raiganj
1511|Bagdah
413|Monywa
399|Meiktila
1212|Katwa
336|Ribeirão_Preto
310|São_Paulo
3497|Kütahya
1370|Aizawl
1607|Ahmednagar_district
157|Caseros
2146|Palermo
1472|Uttarkashi
2580|Ede
3444|Zanzibar
4712|Slidell
791|Puerto_Plata
792|San_Pedro_de_Macorís
4927|Saint_Clair
2751|Bislig
1333|Khadakwasla_Dam
3449|Klong_Luang
2720|Distrito_de_Bellavista
664|Haidian_District
1205|India
1697|Tavanur
1710|Bolpur
3250|Jinju
2660|Sukkur
3529|Zonguldak
2080|Najafabad
2021|Pekanbaru
3585|Shrivenham
822|Sheffield
1204|Thiruchendur
694|San_Andrés
2056|Sari
1783|Lena_Vilakku
420|Wolfville
605|Concepción
2515|Altamira
3047|Bucharest
2247|Yokosuka
3079|Pereslavl-Zalessky
1934|Nandakumar
3337|Jaffna
3323|Nugegoda
1216|Orissa
811|Shibin_El_Kom
807|Asyut
320|Poços_de_Caldas
2511|Tlalpan
2494|Chihuahua
1503|Tiruvannaamalai
4417|LaGrange
1410|Belgaum
1828|Belgharia
132|Luanda
318|Carangola
3855|Montevallo
3961|Ogden
5133|Nueva_Esparta
5136|Bolívar
322|Lagoa_da_Prata
2875|Baler
1586|Vazhakulam
560|Longueuil
2741|San_Miguel
359|Florianópolis
2670|Khyber_Pakhtunkhwa
2448|Batu_Pahat
2437|Seremban
4781|Bethany
1180|Gobichettipalayam
1950|Chikmagalur
904|Arba_Minch
5132|Caracas
3558|Bristol
1460|Vadgaon_Budruk
3349|Katubedda
3322|Peradeniya
2210|Bunkyo
1936|Krishnankoil
3121|Musselburgh
1344|Shyampur_I
1244|Rajasthan
2125|Cagliari
2112|Rome
1371|Tezpur
1425|Ajmer
3526|Tokat
1871|Thodupuzha
2694|Taxila
2069|Chaloos
3261|Yuseong-gu
3196|Andong
1590|Annamalai_Nagar
3188|Somerset_West
2182|Owariasahi
1349|Bihar
3749|Portland
2732|Cajamarca
2701|Ahsanabad
2346|Midori
1462|Khanna
2262|Kanazawa-ku
313|Santos
963|Gif-sur-Yvette
2114|Parma
5148|Gia_lam
3286|Oviedo
3275|Santander
2967|Muñoz
2816|Iloilo_City
1251|Bardhaman
740|Bayamo
732|Cienfuegos
146|Mar_del_Plata
138|San_Miguel_de_Tucumán
1372|Radhanagore
1086|Trier
2782|Kagawasan_Avenue
1993|Padang
2447|Kelana_Jaya
2468|Ayer_Keroh
3137|Dakar
2588|Breda
4457|St._Martin
1687|Mathura
2052|Lahijan
3579|City_of_London
1286|Dhenkanal
2340|Maebashi
3900|Lake_City
1621|Khujutipara
3108|Novosibirsk
1628|Kanchipuram
4929|Millersville
738|Matanzas
736|Ciego_de_Ávila
1626|Atal_Nagar
3457|Hat_Yai
1839|Birpara
751|Ústí_nad_Labem
747|Ostrava
970|Morbihan
1992|Bengkulu
3100|Ivanovo
5112|New_Bedford
3195|Jeonju
3198|Changwon
2254|Tokushima
449|Westmount
3666|Prestonsburg
4062|Marble_Falls
815|Antiguo_Cuscatlán
2995|Zielona_Góra
136|Rosario
1499|Ketti
366|Pelotas
1329|Dharwad
2193|Ichihara
3113|Rostov
3111|Arkhangelsk
3064|Yekaterinburg
3389|Sörenberg
3380|Zurich
2061|Rudehen
4656|Murfreesboro
3081|Tomsk
3090|Ufa
3437|Dushanbe
5110|Holyoke
3810|Cape_Girardeau
2984|?ód?
1966|Kuppam
2909|Angeles
298|Bijeljina
3305|Murcia
3266|Salamanca
1255|Haringhata
2567|Lumbini
2458|Bachok
2474|Kangar
1439|Rajahmundry
3667|Big_Rapids
1614|Behala
121|Mazar-i-Sharif
112|Puli_Khumri
1404|Srinagar
2690|Sahiwal_District
2814|Bacolod
1089|Jülich
2190|Sagamihara
2000|Semarang
1991|Yogyakarta
257|Haus_Edelweiss
245|Kufstein
2725|Huancayo
521|Richmond
3565|Ealing
3296|Linares
3271|Las_Palmas
1752|Balurghat
957|Saint-Étienne
2534|Durango
424|Ontario
3145|Dover
1182|Kandivali
1361|Kanpur
1693|Sivakasi
314|Novo_Hamburgo
2189|Fukuyama
3235|Gwangju
5103|Collin_County
2709|Khayaban_e_jinnah
1724|Kattakada
372|São_José_dos_Campos
1498|Baddi
3212|Yeongcheon
1426|Chandannagar
4598|Bremerton
1718|LehraGaga
1863|Ladnun
2019|Salatiga
3051|Arad
1842|Morvi
1640|Muddenahalli
2158|Sanremo
2619|Oslo
1733|Murthal
4679|Easton
1915|Palwancha
1458|Chembur
3468|Muak_Lek_District
4831|New_Wilmington
870|Tremough
287|Cochabamba
1606|Vilankurichi
1223|Mandya
3567|North_Greenwich
1949|Nagercoil
3524|Esentepe
1080|Jena
1198|Palakkad
1424|Pondicherry
3461|Yala
3603|Chatham_Maritime
265|Vitebsk
264|Minsk
1037|Ingolstadt
1031|Leipzig
3971|Memphis
3327|Panadura
5158|Hadhramaut
2095|Negev_Desert
2083|Jerusalem
1343|Nalhati
3584|Keele
846|Colne
2657|Risalpur
1233|Masat
1335|Shimoga
1674|Salar
3087|Ivanovo_Oblast
1797|Ranaghat
1581|Sivaganga_district
1914|Dhaniakhali
3264|HongSeong-Eup
1622|Khayrasole
1298|Raipur
3346|Mawanella
2435|Kajang
4024|Monterey
3481|Sousse
1018|Arras
927|Corte
2126|Cassino
2111|Trieste
179|Caleta_Olivia
333|Viçosa
4508|Mars_Hill
3610|Tallahassee
1270|Rajarhat
4328|Claremore
1305|Shahbad_Daulatpur
1804|Mohali
225|Campbell
187|Barton
1437|Dhubri
3055|Bra?ov
3238|Gwanak-gu
3170|Cape_Town
2116|Florence
3063|Alba_Iulia
3050|Timi?oara
1409|Vadodara
1260|Solapur
1022|Stuttgart
5139|Tauca
367|Catalão
2213|Shibuya
2697|Manora
1200|Rajpura
1088|Ludwigshafen
1279|Arrah
1140|Kavala
4944|Port_Huron
1957|Dombivli
4413|Canyon
3609|San_Antonio
3502|Ortaköy
1116|Crete
2248|Naha
4550|DeKalb
1613|Thrippunithura
1538|Akbarpur
1438|Munger
4155|Forest_Grove
1787|Pallavaram
4478|Paxton
2136|Moncalieri
2598|Greymouth
2594|Christchurch
2017|Manokwari_Regency
1324|Manikpara
1837|Chanchal
2522|Antón_Lizardo
3265|Ansan-do
613|Ovalle
1868|Dibrugarh
3338|Akurana
2514|Zacapoaxtla
1543|Baruipur
460|Moncton
353|Campinas
3587|Oswestry
2913|Tanza
1521|Srikakulam
1925|Jirania
1917|Dimapur
729|Dubrovnik
726|Zagreb
4792|Flushing
3231|Yeonsu-guNam-gu
4525|Bloomsburg
932|Rennes
1653|Dumka
2419|Suacoco
2418|Monrovia
185|Newcastle
3451|Khlong_Luang_District
2533|Tlaquepaque
5057|Louisiana
3884|West_Lafayette
3284|San_Sebastián
229|Acton
1592|Adilabad
3645|Philadelphia
4901|Laurel
3054|Târgovi?te
3594|Lampeter
3556|Lancaster
5142|Cua_Lo
2040|Babolsar
2721|Jesús_María
1836|Raghunathpur
3501|Izmir
1097|Dortmund
1028|Flensburg
1602|Nilgiris_district
1612|Khatra
1652|Tiruvallur_district
1648|Falakata
1494|Aluva
1459|Khanpur_kalan
5140|San_Cristóbal
1108|Lower_Saxony
2767|Tagaytay
1430|Latur
378|Kaluga
2526|Ciudad_Juárez
1774|Vizianagaram
346|São_Caetano_do_Sul
3806|Dubuque
1414|Kolhapur
4958|Mishicot
3403|Crans-Montana
3396|Lucerne
3229|Jinhae-gu
2317|Usa
1980|Bali
3351|Wijerama_Mawatha
1111|Aachen
1923|Hetampur
2071|Qazvin
445|Brampton
2068|Damavand
697|Norte_de_Santander_Department
2713|KOKOPO
1070|Bamberg
2573|Maastricht
2564|Balkumari
2201|Chiyoda
3528|Çanakkale
2181|Muroran
1808|Domjur
978|Marseille
3101|Cheboksary
5138|Maracaibo
2420|Harper
1536|Balangir
1778|Basara
5050|Titusville
1206|Assam
4952|Geneseo
773|Thisted
763|Copenhagen
1239|Ulhasnagar
1342|Kashipur
2575|Heerlen
2115|Vinovo
2132|Perugia
2221|Nomi
3950|Inver_Grove_Heights
1271|Thirthahalli
4909|Elko
2662|Faisalabad
1617|Kumarakovil
4639|Tooele
4376|Baytown
2687|Nankana_Sahib
3500|Kars
2711|David
2712|Panama_City
1123|Missolonghi
883|Hartpury
1249|Krishnanagar
352|Vitória_da_Conquista
4975|Maysville
2726|Chorrillos_District
861|City_of_Carlisle
1453|Chandrakona_Road
2873|Indang
1782|Buxar
2163|Catanzaro
3341|Trincomalee
3326|Kelaniya
2332|Kitami
2392|Higashisumiyoshi-ku
988|Ivry-sur-Seine
3216|Dongdaemun-gu
357|Campina_Grande
3470|Songkhla_Province
3450|Narathiwat
2429|Kaunas
2426|Vilnius
1221|Rewari
935|Chasseneuil-du-Poitou
275|Canterbury
3576|Newport
867|Portsmouth
1081|Osnabrück
2411|Machakos
1416|Ranikhet
1374|Konaje
4035|East_Lansing
3469|Nakhon_Ratchasima
5123|Brockport
1856|Raigarh
3560|North_Wales
1655|Karad
1393|Chandigarh
3314|A_Coruña
2289|Mitaka
2043|Zabol
1615|Rachol
1753|West_Bengal
1658|Kandi
3105|Orenburg
382|Moscow
2250|Takasaki
3918|Knoxville
1644|Muzaffarpur
1405|Amritsar
3520|Beylikdüzü
3592|Eastleigh
3086|Belgorod
145|San_Martín
2518|Hermosillo
3535|Erzurum
2296|Hamamatsu
2578|Eindhoven
1851|Kaliyaganj
1443|Barrackpore
123|Taloqan
688|Florencia
3263|Geochang
607|Osorno
200|Clayton
3400|Brig
609|Valparaíso
616|Coquimbo
1838|Akathethara
3398|Chavannes
2224|Akita_City
1417|Vellore
743|Holguín
1266|Panihati
731|Camagüey
4293|Winter_Haven
1924|Anandanagar
114|Lashkar_Gah
2752|Malate
2807|Cagayan_de_Oro
1772|Mhow
3425|Da'an_District
3434|West_Central_District
1887|Puri
182|Gold_Coast
2497|Querétaro
2543|Nogales
1427|Kochi
230|Bruce
570|Hartland
4728|Clarksville
2568|Dharan
2566|Nala
2215|Ise
1518|Kheta_Sarai
1559|Chhend_Colony
4669|Arizona
2119|Naples
1332|Thrissur
1025|Kempten
1036|Darmstadt
3215|Dongjak-gu
1645|Mangalagiri
3071|Skolkovo
4951|Cloquet
2263|Toyama_City
3781|Pemberville
408|Taungoo
2655|Islamabad
833|Bradford
1830|Nandigram
1339|Moga
969|Châtenay-Malabry
210|Parramatta
3598|Carmarthen
3909|Vermillion
2022|Bogor
1685|Pithapuram
2706|Kohat
2139|Varese
3546|L'viv
1692|Gulmarg
1247|Ahmedabad
67|Northern_Ireland
2617|Derry
1706|Gujrat
340|Ubá
1694|Bagdogra
3514|Bayburt
1184|Pingla
774|Hjørring
5162|Aden
1646|Coonoor
614|Santiago_de_Chile
4016|Town_of_Brookhaven
3553|Sevastopol
2553|Ulan_Bator
966|Saint-Denis
5137|Caraca
1224|Anchal
1826|Beliatore
4680|Lacey
3420|Hsinchu
1463|Puduvoyal
3242|Suncheon
2016|Ambon
3001|Braga
899|Adama
2204|Nagoya
1218|Guntur
4175|Alliance
1634|Pantnagar
1605|Chittaranjan
3702|Ann_Arbor
2892|Santa_Cruz
175|San_Salvador_de_Jujuy
1042|Hamburg
1390|Kozhikode
323|Serro
1891|Mirik
2477|Tanjung_Malim
2026|Malang
1800|Vasad
4434|Fairmont
1735|Tiruppattur
2744|Ermita
3359|Falun
3285|Bilbao
3282|Barcelona
402|Loikaw
2141|Castellanza
3626|Mansfield
1506|Lonere
1160|Sha_Tin_District
2396|Ajloun
598|Memramcook
1331|Shillong
1392|Malappuram
2557|Rabat
1940|Muttil
1671|Dhuliyan
3016|Carolina
3015|Mayagüez
2582|Enschede
2571|The_Hague
2698|Ghawari
251|Klosterneuburg
3230|Muan
1902|Sonipat
374|Canoas
4481|Shelby
2860|Camiling
4099|University_Heights
3495|Aksaray
3541|Alchevsk
3552|Ostroh
1630|Mayiladuthurai
5160|Ta'izz
3467|Lampang
432|Fort_Macleod
582|Bowmanville
117|Jalalabad
1703|Dhaula_Kuan
1386|kovilvenni
1288|Sabang
2651|Topi
1814|Pubaran
4497|Pearl_City
3543|Mykolaiv
4955|Barrington
842|Bolton
862|City_of_Salford
3707|Claremont
4988|Riverside_County
1068|Merseburg
2549|San_Andrés_Cholula
4110|Omaha
3973|Madison
4811|Smithville_–_North_Scituate
1203|Kothamangalam
1941|Nagar
3978|Santa_Barbara
4984|New_Castle
2244|Chitose
934|Aix-en-Provence
1489|Pollachi
5031|St._Paris
1520|Alappuzha
1773|Erode
1632|Bandstand_Promenade
1747|Ambedkar_Nagar
2300|Fuji
1912|Tarakeswar
693|Barranquilla
948|Montpellier
3061|Baia_Mare
1794|Punjab
864|Winchester
1825|Kodaikanal
4256|Davidson
4828|Farmers_Branch
307|São_Luís
914|Oulu
909|Kuopio
1418|Warangal
286|La_Paz
288|Sucre
1444|Jorhat
2349|Nishinomiya
1847|Hooghly_district
1642|Silchar
813|Mansoura
1884|Washermanpet
1523|Moradabad
1109|Clausthal-Zellerfeld
3509|Balıkesir
1712|Ashoknagar
3836|Pembroke
3012|Aguadilla
4311|Boise
1311|East_Godavari_district
4360|Hesston
2885|San_Fernando
2819|Polomolok
2779|Cavite
3906|Mount_Olive
2059|Azarshahr
347|Viamão
3203|Suwon
2595|Dunedin
1815|Pakuahat
728|Rijeka
1441|Nadiad
1810|Beliaghata
1387|Irungattukottai
2143|Messina
717|Riohacha
3431|Dali_District
2992|Konstancin-Jeziorna
719|Pance
722|Ibagué
1593|Bathinda
733|Pinar_del_Río
332|João_Monlevade
4357|Swampscott
2546|Ciudad_Victoria
2520|Nuevo_Laredo
2547|Tampico
2828|Tondo
714|Cali
2051|Nishapur
1471|Sultanpur
2938|Peñablanca
2877|Dasmariñas
3580|Newcastle-under-Lyme
1699|Kolar
1567|Itachuna
1098|Neuendettelsau
269|Leuven
1013|Champs-sur-Marne
1770|Bhimtal
1338|Kalna
411|Aungmyethazan_Township
1844|Manbazar_I
3102|Khabarovsk
1469|Vijayawada
1009|Reims
3192|Anyang
3201|Seoul
3180|Muizenberg
2154|Chieti
2540|Pachuca
705|Popayán
2425|Murzuk
1809|Dapoli
1641|Dharmatala
412|Kamayut
4818|West_Haven
4082|Arkadelphia
2358|Utsunomiya
2184|Toyota
2689|Sahiwal_Division
3992|Tiffin
3042|Waterford
782|Herning
4611|Somerset
2403|Aqaba
2398|Madaba
140|La_Plata
3057|Craiova
2298|Fukuroi
1680|Cooch_Behar
1306|Padur
1831|Puncha
4914|Brevard
1257|Kakinada
2159|Genoa
2200|Matsumoto
2192|Otaru
2375|Kakogawa
1705|Nitte
4703|Abington_Township
3632|Pineville
4087|Fullerton
2414|Kitengela
1637|Santaldih
305|Campo_Grande
1483|Gangtok
1704|Pulivendula
2320|Hitachi
1878|Nangiarkulangara
3674|Enterprise
712|Tunja
1926|Mankundu
312|Bagé
1168|Esztergom
1163|Veszprém
2466|Johor
2470|Wilayah_Persekutuan_Kuala_Lumpur
944|Toulon
227|Sandy_Bay
1138|Attica
2326|Miyoshi
1515|Kurunjibag
1357|Mumbai
4652|Roseville
1832|Panchmura
3010|Ponce
2900|Malabon
2883|Bontoc
304|Santa_Maria
1978|Indonesia
284|Namur
1099|Friedberg
2127|Catania
2147|Sassari
885|Liverpool
886|Twickenham
993|Limoges
1651|Chhattisgarh
2837|Dingras
953|Cergy-Pontoise
1232|Nahata
823|Leicester
261|Artsakh
3496|Diyarbakır
3530|Isparta
2810|Cabanatuan
3117|Novokuznetsk
2360|Nagareyama
212|Townville
3745|Berkeley
3885|New_Orleans
1869|Khairagarh
1104|Duisburg
3522|Antakya
3321|Batalanda
5077|Marlboro
218|Ballarat
872|Crowland
2685|Kharian
2981|Gda?sk
1280|Surat
951|Neuilly-sur-Seine
4860|Benton_Charter_Township
279|Louvain-la-Neuve
272|Ottignies-Louvain-la-Neuve
4488|Wayne
3307|Lugo
1806|Sindri
1194|Nellore
3416|Taichung
223|Toowoomba
3443|Unguja
4658|Dickinson
1715|Chitrakoot
1222|Navi_Mumbai
3433|Kaohsiung_City
3435|Taoyuan_County
3179|Thohoyandou
1451|Rangadihi
1201|Raniganj
2278|Toyoake
3274|San_Cristóbal_de_La_Laguna
1307|Mullana
720|Valledupar
1551|Jowai
3206|Songdo
4130|Glenns
3008|Ponta_Delgada
3005|Vila_Real
1713|Pathankhali
779|Vejle
768|Aalborg
5135|Anzoátegui
239|Bendigo
1197|Kottayam
2484|Kemaman
2438|Kuching
2297|Saga
1889|Taki
3982|Sunnyvale
3415|New_Taipei
1919|Ponnani
1688|Raichur
2140|Campobasso
4133|Middletown
3534|Kırklareli
124|Tarinkot
166|San_Luis
151|Bahía_Blanca
285|Carmen_Pampa
4101|Logan
2048|Babol
331|Passos
1549|Jammu_and_Kashmir
237|Melbourne_City_Centre
220|Redfern
2608|Napier
2592|Lower_Hutt
1535|Lal_Bagh
888|Nuneaton
2703|North-West_Frontier_Province
1762|Vidisha
1171|Pécs
1716|Waknaghat
2364|Shinshiro
2401|Tafilah
1690|Lonavla
1234|Faridabad
2695|Dera_Ghazi_Khan
2957|Tacloban_City
2771|Manila
2933|Iligan_City
1877|Rajam
3184|KwaZulu-Natal
3270|Marbella
857|Blackpool
3936|Ypsilanti
4826|Perrysburg
1665|Domkal
2548|Monterrey_Metropolitan_area
2027|Kota_Jababeka
2538|Mérida
1381|Nalanda
2452|Kota_Damansara
334|Arcos
1501|Ranchi
4126|Stevens_Point
1859|Agartala
1964|Wardha
2175|Fujisawa
2377|Iwata
1722|Thalassery
1461|Chaipat
1731|Aliganj
1609|Gurgaon_district
1236|Ghaziabad
2799|Makati
5000|Caledonia_Township
2581|Groningen
2629|Bergen
2722|Trujillo
4722|Misenheimer
793|Santiago_de_los_Caballeros
1619|Aundh_Road
1879|Bhilwara
441|Montreal
3784|Abilene
1382|Ghurdauri
2079|Farmahin
1990|Tarakan
1900|Jambani
1296|Kollam
2197|Osaka
2075|Hamadan
1059|Freiburg_im_Breisgau
2345|Kariya
3427|Minxiong
4871|Baldwin_City
3990|Mendham_Borough
4119|Old_Westbury
2066|Semnan
2047|Tafresh
3987|Keene
3748|Corpus_Christi
4420|Oak_Glen
4554|Institute
1075|Chemnitz
1172|Miskolc
915|Espoo
911|Vaasa
1012|Aubagne
1939|Narajole
2894|Malasiqui
1974|Gangaramchak
497|Baie-Comeau
3328|Pitipana_North
695|Pereira
803|Beni_Suef
2507|Ciudad_Obregón
1627|Nemili
1297|Durgapur
696|Bucaramanga
1078|Kiel
377|Itajubá
3251|Gimhae
3320|Palma
1867|Vadamanvandal
3332|Elpitiya
3225|Pohang
3298|Valencia
1951|Saltora
1376|Pipulpati
3132|Dumfires
3123|St_Andrews
1497|Balagarh
2388|Suita
2196|Tokyo
3562|Seaford_House
1290|Andhra_Pradesh
1952|Hazratbal_Shrine
4154|Chickasha
4684|Downtown_Miami
1275|Labhpur
3370|Härnösand
559|Rovaniemi
2322|Ina
2731|Piura
4056|Archbold
2627|Stord
2623|Tromsø
2915|Laoag
111|Gard?z
4320|Orange
4407|Fayette
2663|Dera_Ismail_Khan
4104|Bexley
4938|Newburgh
1554|Malad
1766|Panskura
2431|Batu_Maung
3800|Yuma
2118|Pavia
2705|Defence_Housing_Authority
2699|Gujranwala
3073|Gorno-Altaysk
354|Curitiba
2476|Bandar_Sunway
2433|Shah_Alam
1959|Lalgola
2042|Qom
3269|Alcalá_de_Henares
1076|Wismar
3340|Balangoda
373|Foz_do_Iguaçu
4504|Davie
2373|Urayasu
1745|Thirukkalacherry
3568|Colchester
1862|Tanuku
1457|Jamshedpur
2508|Cancún
1069|Dresden
384|Vyshny_Volochyok
3601|Falmouth
3995|Tyler
2038|Zanjan
2063|Kermanshah
486|Sainte-Foy
158|Victoria
2565|Kirtipur
4359|Statesboro
2106|East_Jerusalem
2082|Karmiel
116|Kandahar
2150|Tuscania
167|Formosa
1635|Bhadrakali
3432|Sanxia_District
3091|Izhevsk
2764|Meycauayan
459|Quebec_City
1542|Puttur
940|Metz
3639|Borough_of_Princeton
2584|Zwoll
1117|Larissa
1121|Trikala
1893|Bagnan
3892|Fresno
2273|Hagi
1002|Rouen
2890|Tandag
2162|Padua
1711|Jangipur_subdivision
329|Londrina
610|Aculeo
3575|Norfolk
2996|Nowy_S?cz
1193|Mahbubnagar
744|?eské_Bud?jovice
181|Perth
1557|Kopar_Khairane
3825|Rio_Grande_Valley
487|Brantford
3386|Mendrisio
3383|Geneva
1263|Namakkal
1167|Visonta
1161|Debrecen
2506|Culiacán
4883|Long_Island
2535|Aguascalientes
1669|Iroisemba
1997|South_Tangerang
1741|Contai
3080|Kazan
3031|Cork
1219|Mysore
745|Brno
2133|Salerno
2081|Hod_HaSharon
1769|Nilanga
896|Mek'ele
2678|http://maps.google.com/maps?ll=25.530889,69.017306&spn=0.01,0.01&t=m&q=25.530889,69.017306
3115|Obninsk
1082|Gernsbach
2194|Nishihara
214|Coffs_Harbour
2728|Chosica,Lima
2536|Saltillo
168|Bernal
1347|Delhi
1052|Halberstadt
1944|Raisan
2341|Yaizu
2259|Toyohashi
4814|Oxnard
873|Nottingham
2054|Kerman
3410|Yunlin_County
703|Sincelejo
2253|Fuchu
2369|Isesaki
2076|Rafsanjan
4866|Southington
4189|Brunswick
1055|Mannheim
962|La_Rochelle
1146|Alexandroupoli
1118|Piraeus
3418|Neipu
4316|Newport_News
4735|Oregon
2746|Taytay
2357|Tottori
3347|Galle
3308|Burgos
3302|Lleida
1707|Faridkot
1094|Oberammergau
3099|Omsk
147|Corrientes
1568|Tangrakhali
1435|Fatehgarh_Sahib
1400|Rampurhat
1225|Jhalda
1873|Kotkapura
961|Valenciennes
2045|Isfahan
3459|Ubon_Ratchathani
2229|Fuch?
1102|Weingarten
4849|Hazard
1911|Sonamukhi
1623|Mokokchung
3519|Kayseri
3316|León
119|Khost
2529|Chetumal
3155|Pre?ov
3157|Banská_Bystrica
1402|Dichpalle
2863|Ilocos_Norte
4977|Calais
2766|Dagupan
3236|Jeju_Province
975|Vaulx-en-Velin
2853|Lagangilang
1124|Kalamata
349|Pirassununga
4698|Hampden_Sydney
2065|Yazd
3512|Bolu
985|Angers
2302|Fukui
1833|Bijapur
4151|Hackettstown
2505|Oaxaca
144|Santa_Rosa
1852|Kamakshyaguri
5159|Al_Mukalla
4724|Staten_Island
3682|Chestertown
2164|Aosta
3421|Hualien_County
3385|Leuk
3257|Gyeongju
2151|Ferrara
1662|Kadapa
291|Tuzla
294|Slobomir
289|Santa_Cruz_de_la_Sierra
513|Saint-Félicien
617|Antofagasta
3163|Gorizia
2856|Navotas
2295|Kitakyushu
2004|Tegal_Regency
991|Jacob-Bellecombette,
4889|Hannibal
1854|Sitalkuchi
1813|Kismat_Bajkul
1580|Gachibowli
2815|Pagadian
4425|Hanoverna
4992|Bronx
2715|Madang
4789|Pittsford
4251|North_Miami
1359|Kerala
3207|Yongin
3586|London_Borough_of_Islington
1583|Krishnagiri
938|Le_Mans
3252|Wansan-gu
216|Cairns
2483|Pengkalan_Chepa
3183|Grahamstown
4135|Herkimer
3058|Oradea
1240|Gadge_Nagar
476|Peterborough
973|Annecy
248|Paris
3463|Chonburi_Province
4923|Central
1187|Gurgaon
1165|Salgótarján
1450|Agarpara
2389|Ch?shi
1292|Howrah
1330|Anand
2314|Gotemba
4096|Campbellsville
5104|Baileys_Harbor
219|Sunshine_Coast
235|Parkville
581|Sussex
443|Calgary
3510|Giresun
1412|Jabalpur
2344|Higashi-ku
1385|Phagwara
3360|Stockholm
1740|Kharagpur
1220|Nagpur
4018|East_Hampton
1574|Kabir_Nagar
2149|Bolzano
2231|Sakai-ku
707|Sogamoso
2480|Kual_Lumpur
2469|Serdang
2467|Terengganu
1229|Gushkara
3741|Hattiesburg
4786|Edinboro
4907|Clarion
4743|Allendale_Charter_Township
351|Santa_Rita_do_Sapucaí
5080|Parkland
2130|Modena
2354|Suzuka
1647|Painavu
3062|Târgu_Mure?
1892|Sikkim
1159|Clear_Water_Bay
2404|Ar_Ramtha
2399|Irbid
5006|Rocklin
1656|Margao
1840|Panposh
292|Banja_Luka
3318|Segovia
1709|Kaliachak_I
881|Ashurst
4794|Deatsville
950|Sophia_Antipolis
2488|Moka
2489|Réduit
4411|Jefferson_City
580|Kenora
3640|Deep_Springs
4372|Carey
4177|Denton
4246|Bakersfield
4572|Westerville
3142|Nanyang
3148|Bras_Basah_Road
3256|Nonsan
4809|Butler_Township
1532|Mandsaur
2454|Bangi
3762|Imperial
341|São_Bernardo_do_Campo
1965|Hijli_Detention_Camp
253|Linz
250|Graz
2880|Gagalangin
2823|Maasin
3786|Round_Rock
4259|Hartsville
3116|Oryol
1781|Yamuna_Nagar
3303|Seville
858|Somers_Town
3103|Blagoveshchensk
2490|La_Tour_Koenig
342|Betim
1846|Kavaraipettai
3077|Chita
1933|Wadala
1963|Rajkot
589|Granby
3279|Almería
1323|Champadanga
536|Otterburne
3540|Nizhyn
1496|Burla
606|Puerto_Montt
1248|Aligarh
552|Exeter
1757|Vairengte
538|Saint_Albert
1476|Brahmavar
2947|Naval
2131|Lombardy
892|Viljandi
891|Tartu
4928|Hillsborough_County
1650|Chengalpattu
4978|Fort_Kent
3787|Caldwell
3350|Vantharumoolai
4079|Lexington
4341|Commack
4502|Cranford
141|Mendoza
2796|Alaminos
1033|Lörrach
3571|Cranfield
2241|Koto
4624|Quantico
2212|Hirosaki
1148|Sparta
1524|Karimnagar
4421|Fort_Worth
3636|Doylestown_Township
2330|Gamag?ri
3165|Ajdov??ina
2969|Parañaque_City
775|Frederiksberg
2073|Bonab
2292|Tend?
1350|Bidar
2207|Mihama-ku
2525|La_Paz_Sur
4697|Front_Royal
2094|Sderot
2101|Ra'anana
1546|Karimpur
869|Bloomsbury
2971|Pozna?
1686|Magrahat_II
859|Greater_Manchester
2977|Olsztyn
5017|Sussex_County
3205|Sangju
737|Marianao
1961|Hassan
1100|Ravensburg
3672|Montgomery
3107|Chelyabinsk
4305|Cranston
1334|Kurseong
276|Antwerp
278|Kortrijk
1932|Rajpur_Sonarpur
1895|Haripal
1744|Perinad
2121|Bologna
2750|Butuan
1254|Kopargaon
2927|Estancia
4254|Humboldt
890|Narva
2517|Colima
4237|Saranac_Lake
3311|Cadiz
1403|Bikaner
1264|Ghum
280|Évora
2086|Netanya
1464|Anantapur_district
2455|Kuala_Terengganu
1802|Anantapur
4249|Jensen_Beach
1829|Moodabidri
1751|Siddhapudur
3484|Monastir
324|Lorena
1005|Perpignan
3591|Bridgend
3894|Galveston
2400|Mafraq
4930|Mount_Laurel_Township
2352|Handa
1824|Jharkhand
709|Manizales
3220|Yangpyeong
4626|West_Memphis
1629|Serampore
1899|Saldiha
1276|Darapur
1702|Bhuj
2246|Asao-ku
1582|Sivaganga
1058|Saarbrücken
3412|Yongkang_District
3777|Fremont
4221|Pinehurst
1419|Angamaly
4616|Commerce
209|Lismore
1481|National_Capital_Region
1660|Bhilai
2428|Klaip?da
3658|Presque_Isle
2305|Yachiyo
1695|Mathabhanga
2960|Batangas
2612|Coleraine
156|Pilar
3817|Sumter
1682|Machilipatnam
3310|Cáceres
3828|Helena
3893|Cleveland
3968|Raleigh
2276|Nisshin
3135|Dumfries
1835|Barjora
3365|Lund
1375|Kattangal
2527|San_Luis_Potosí
1434|Nungambakkam
1356|Sriperumbudur
1663|Dakshineswar
2135|Viterbo
756|Plze?
1135|Agrinio
3614|San_Bernardino
3408|Zhongli
4459|Bloomfield
173|Córdoba
1277|Dwarka_Sub_City
2718|Ningei
161|Santiago_del_Estero
2679|Surat,India
1150|Rethymnon
1968|Rahara
337|Itaúna
769|Slagelse
325|Guanhães
2844|Rizal
3955|Charleston
2155|Benevento
3859|Cortland
3003|Covilhã
1937|Kathora_Naka
4573|El_Reno
4094|McPherson
710|Chía
3253|Hwarangro
3222|Anseong
1487|Haldwani
2288|Inuyama
3247|Yangsan
3240|Sinchang-myeon
974|Coëtquidan_in_Guer
1016|Lambesc
2519|Tepic
2647|Nizwa
4021|Austin
1550|Aurangabad
1433|Pithoragarh
1474|Kottarakkara
1493|Kuthuparamba
1208|Visakhapatnam
1253|Vallabh_Vidhyanagar
1448|Abhipur
1337|Sodepur
1930|J.P._Nagar
1238|Suri
2472|Ipoh
2639|Kristiansand
2621|Lillehammer
2948|Calapan
3315|Marín
2923|Echague
3223|Ansan
3319|Móstoles
358|São_José_dos_Pinhais
1447|Baraipur
3542|Uzhhorod
4424|Maywood
4120|Syracuse
3788|Davidson_County
1008|Arles
4713|Machias
321|Barbacena
387|Nizhny_Novgorod
385|Stara_Zagora
499|Fort_McMurray
3709|Brookline
850|Lincoln
3678|Joliet
5097|Silver_City
4813|Livermore
819|Huddersfield
976|Nice
4674|Anoka
876|Bracknell
986|Illkirch-Graffenstaden
3511|Sarıyer
1967|Perumalpattu
2343|Kiyosu
2838|Paoay
3364|Karlskrona
4158|Wise
1177|Bodh_Gaya
1010|Palaiseau
1976|Maidan_Garhi
1897|Mahestala
1320|Mahendragarh
208|Townsville
2271|Koganei
2461|Negeri_Sembilan
3167|Maribor
2050|Shiraz
1175|Midnapore
198|Canberra
1784|Gadanki
3583|Cirencester
1406|Balasore
273|Medway
1604|Kasba
4466|Bolivar
1243|Karnataka
1256|Tenhipalam
2270|Okayama
4055|Kearney
716|Palmira
715|Chiquinquirá
2067|Urmia
989|Belfort
3945|Munford
122|Charikar
3596|Kingston_upon_Thames
2803|Zambales
1750|Depal
746|Olomouc
1527|Guntur_district
1639|Karapakkam
3204|Gunpo
1803|Paschim_Medinipur_district
1620|A._Thekkur
3248|Nowon-gu
4378|Denison
3098|Zhukovsky
3382|Bern
2502|Guadalajara
1213|Habra
3708|Danvers
2187|Gifu
4490|Monmouth
3872|Hawkins
4631|Dawsonville
3856|Andersonna
3309|Badajoz
1748|Kaniyur
3182|Centurion
2682|Kahuta
845|Roehampton
524|Scarborough
741|Matanzas_Province
1754|Kendujhar
2129|Calabria
4257|Goldsboro
1316|Gandhinagar
2039|Ardabil
169|Lomas_de_Zamora
1287|Andul
4839|Marple
1479|Hingalganj
3991|New_Brunswick
4637|Texarkana
4898|Emory
392|Blagoevgrad
2036|Ramsar
2528|Cárdenas
5092|River_Grove
1679|Mulayam
3147|Tampines
3141|Queenstown
834|Worthing
1209|Noida
1367|Pimpri-Chinchwad
162|Villa_María
2661|Swat
4274|Franklinna
977|Villetaneuse
1302|Bengai
2774|Padada
1227|Berachampa
1585|Uttarpara
2530|Guadalupe
215|Adelaide
5085|Redford
5114|Wenham
4916|San_German
924|Kemi
912|Kokkola
2391|?sakikamijima
1210|Pathanamthitta
4292|Powell
2103|Ashkelon
1170|Piliscsaba
3210|North_Gyeongsang_Province
2371|Nagasaki
2165|Trento
2347|Meit?-ku
1903|Lalpur
3531|Adana
2537|Eugene
3574|Chester
2290|Suruga-ku
3426|Taiwan
3694|Erie
3317|Huelva
1258|Cuttack
3254|Cheongwon
2342|Amagasaki
2733|Rímac_District
1384|Shastri_Nagar
1921|Bhadreswar
394|Burgas
2829|Tagbilaran
1365|Mandi
1211|Tirupati
4855|Millington
4892|Wright-Patterson_Air_Force_Base
708|Leticia
3845|Piscataway
4623|St._Mary's_City
2370|Aoi-ku
2384|Nakamura-ku
3245|Yongsan-gu
3013|Cayey
2986|Rzeszów
1765|Samalkha
1319|Davangere
2710|Chiriquí_Province
3994|Coos_Bay
4216|New_Ulm
3276|Granada
863|Bournemouth
4772|Malvern
3140|Changi
2312|Odawara
1084|Remagen
3573|Staffordshire
4593|Goffstown
1555|Ongole
2457|Behrang
887|Ushaw_Moor
1020|Tarbes
2093|Tel_Aviv
1508|Tallakulam
1691|Chaibasa
1591|Haryana
531|Truro
2390|Katsuura
3419|Keelung
1929|Kulti
3377|Växjö
1214|Dantan_I
1578|Inole_Village
1945|Jatoli
3769|Kennesaw
2445|Bukit_Jalil
1749|Shabad_Mandal
1314|Tiruvallur
1638|Kattappana
1196|Rourkela
2441|Sarawak
4137|Downers_Grove
3272|Community_of_Madrid
3040|Sion_Hill
3019|Carlow
1973|Khalisani
2303|Yamagata
571|Saint-Lambert
1566|Panikhali
2781|Pandi
2848|Kabacan
188|North_Ryde
2475|Pekan
1470|Palakkad_district
4780|Altus
3486|Çankaya
2301|Toshima
4382|Laredo
2719|La_Punta
1017|Dijon
4660|Santurce
5072|Thibodaux
984|Collonges-sous-Salève
383|Kaliningrad
4715|Norman
186|Macquarie_Park
297|Zenica
1771|Medak
4291|Throggs_Neck
2893|Loakan
2924|Guihulngan
2328|Hiroshima_Prefecture
4512|Blountville
2531|Guanajuato
2117|Udine
4887|Shrewsbury
2374|Mihama
1792|Chengannur
4843|Coffeyville
1452|Sir_William_Jones_Sarani
1667|Karjule_Hareshwar
1083|Neubiberg
1790|Viluppuram
3898|Fort_Myers
3343|Karapitiya
3765|Wellesley
1597|Azhikkal
3625|Latrobe
3122|Ayr
3089|Kursk
1482|Faizabad
1345|Papum_Pare_district
1827|Bilasipara
1908|Chittorgarh
2926|Imus
930|Douai
4981|Whitehouse
1649|Kakdwip
1420|Manipal
1351|Hisar
4178|Pasadena
3600|Riseholme
1354|Attur
4530|Baraboo
1534|Asansol
839|Derby
164|Viedma
1259|Purulia
4138|North_Easton
1067|Mosbach
3161|Nitra
860|Milton_Keynes
3561|Chichester
2504|Tlatelolco
790|Bonao
4770|De_Pere
3880|Rockford
319|Diamantina
3000|Funchal
2176|Sakura
3422|Hsinchu_County
3478|San_Sai_District
2985|D?blin
2422|Bayda
2142|Province_of_Caserta
2634|Bodø
1971|Shyamsundar
1071|Erfurt
2113|Lecce
2145|Foggia
2440|Selangor
1326|Gujarat
1423|Goa
3300|Albacete
2857|Nasugbu
4492|Mankato
3258|Mokpo
2282|Sapporo
1364|Jhansi
2424|Sabha
821|Southampton
3597|Bangor
4398|DeLand
3356|Borås
1492|Patharpratima
3278|Leioa
1872|Jorethang
1595|Uluberia
1564|Mekhligang
1883|Rajauri
4663|Coon_Rapids
5088|Rancho_Mirage
2096|Rishon_LeZion
3779|Marion
2294|Tempaku-ku
2078|Arak
4283|Glenville
2479|Balik_Pulau
826|Suffolk
2381|Nantan
755|Pardubice
221|Hobart
997|Alsace
4921|Raymond
1820|Bhupatinagar
1775|Kodad
3506|?ile
4252|Sarasota
1045|Wedel
1074|Rostock
1283|Thrissur_district
2105|Herzliya
3329|Malabe
149|Resistencia
4842|Bismarck
3411|Kaohsiung
1250|Tiruchirappalli
702|Quibdó
2989|Kielce
875|Buckingham
2692|Islamabad_Capital_Territory
3232|Seocho-gu
1041|Othmarschen
1767|Medchal
507|North_East
1890|Mogra
2613|Belfast
3816|Wilson
3224|Gangwon_Province
2372|Greater_Tokyo_Area
2541|La_Piedad
2339|Minato
1938|Sardarsahar
854|Bath
4535|Carmelna
1696|Mandi_Gobindgarh
3620|Mahnomen
4007|Sioux_City
3290|Sabadell
4493|Cazenovia
509|Buffalo_Narrows
2641|Ås
2624|Molde
4011|Haverford
2183|Sh?wa-ku
1295|Nizamabad_district
256|Klagenfurt
1366|Meerut
3652|Akron
3471|Cha-Am_Phetchaburi
1130|Patras
1864|Rajapuram
3348|Dehiwala-Mount_Lavinia
2795|Puerto_Princesa
4836|Beloit
1252|Tonk_district
1011|Villeneuve-d'Ascq
2940|Laguna
2442|Subang_Jaya
2223|Sakado
1398|Gobardanga
2376|Kisarazu
2074|Sirjan
1446|Naya_Raipur
1886|Dhule
2211|Osaka_Prefecture
2717|Lae
3642|Chicago
4683|Skokie
259|Sankt_Peter_am_Hart
1051|Ludwigsburg
1107|Biberach_an_der_Riss
1756|Kanchrapara
4168|Walnut
4415|Mahwah
3944|Lubbock
2587|Den_Helder
3778|Findlay
3353|Umeå
1791|Kothagudem
2842|Unisan
2832|Lipa
3292|Zaragoza
4333|Albion
1855|Bangaljhi
1624|Thrissur_City
2675|Quetta
2871|Antipolo
752|Mladá_Boleslav
3474|Chiang_Mai_Province
4636|Goodwell
3221|Gyeongsan
508|Olds
491|Edmonton
1151|Tripoli
3599|Edgmond
1488|Naihati
2228|Saiwai-ku
163|Santa_Fe
4505|Booneville
4140|Ottumwa
1683|Muvattupuzha
3796|Grand_Rapids
386|Bryansk
3424|Xinzhuang
3354|Uppsala
3043|Kumanovo
856|South_Ribble
1147|Kastoria
263|Lankaran
3289|Pozuelo_de_Alarcón
794|La_Vega
542|Kitchener
1569|Burul
1195|Secunderabad
4682|Siloam_Springs
461|La_Prairie
4756|Nashua
841|Newcastle_upon_Tyne
4727|Amarillo
1530|Thiruninravur
3291|Alicante
4766|Lock_Haven
4799|Redding
3030|Blackrock
189|New_South_Wales
4314|Little_Rock
3767|North_Haven
3208|Busan
1003|Rueil-Malmaison
3324|Ratmalana_Airport
2436|Penang
4020|California
3921|Glendale
1284|Greater_Noida
3604|Hereford
3046|Tetovo
1728|Garbeta
1888|Virar
3160|Ru?omberok
3911|Mequon
390|Sofia
954|Île-de-France
481|Saint-Georges
2905|Mintal
1729|Bangaon
2331|Kanagawa_Prefecture
3429|Shipai
3146|Woodlands
2257|Nerima
2311|K?nan-ku
3213|Yeongdo-gu
3218|Asan
171|Concepción_del_Uruguay
1510|Gangadharpur
1490|Macherla
2754|General_Santos_City
3518|A?rı
1473|Gautam_Buddh_Nagar_district
1598|Raidighi
4827|Pomeroy
2532|Tlaxcala
4731|Pablo
2763|Catbalogan
880|St_Pancras
3881|Rohnert_Park
1723|Rajendranagar_mandal
3582|Watchfield
4518|Chandler
4402|Chicopee
4848|Emporia
1389|Pandur
2798|Sogod
2596|Porirua
2427|?iauliai
2825|Santa_Rosa_City
2583|Leiden
475|Thunder_Bay
2258|Ch?fu
1861|Jagadhri
704|Pamplona
4025|Irvine
1300|Memari
1373|Liluah
2423|Brak
2544|Navojoa
1633|Surathkal
4449|Mission_Viejo
1230|Murakata
3813|Liberty
4173|Highland_Heights
1432|Farah
4022|Tacoma
3716|Missoula
1429|English_Bazar
1500|Jeppu
2044|Gorgan
240|Wollongong
2988|Opole
3126|Stirling
2876|Lopez
1958|Dinhata
2102|Acre
1274|Manteswar
1049|Ansbach
4451|Fort_Valley
3976|Riverside
4571|St._Clairsville
2962|Palompon
1969|Amarkanan
3233|Cheongpyeong
3499|Ni?de
5032|Temple
3191|Vanderbijlpark
154|Libertador
3026|Limerick
612|Punta_Arenas
1189|Jeypore
2058|Rey
1114|Offenburg
4037|Honolulu
4299|West_Lafayettena
5105|Hamlin
4819|Jesup
3861|Klamath_Falls
3293|Logroño
4690|Ruston
4911|Madison_Heights
2952|San_Pablo
4937|Central_Islip
2700|Sheikhupura_District
4926|Mellen
3732|Watertown
1273|Bambolim
2794|Calbayog
4545|Menomonie
2645|Seeb
3852|Socorro
4473|Miami_Gardens
1714|Gulbarga
920|Mikkeli
908|Tampere
4835|Buckhannon
4759|Moorhead
2283|Roppongi
4069|Saint_Meinradna
4458|Alpine
5083|Fort_Bend_County
4737|Alvin
3330|Hapugala
2648|Salalah
3731|San_Marcos
4103|Thomasville
1661|Tenali
5073|Adelphi
4803|Del_Norte
1486|Sevagram
4065|Crystal_City
4280|Pearl_River
4327|Mays_Landing
155|Lanús
1190|Jajapur
3375|Skara
4142|Cullman
2350|Kashiwa
4348|Billings
2839|Sinait
3847|Henrietta
2895|Maragondon
468|Sherbrooke
3334|Matara
3397|Fribourg
1383|Malda
2901|Vigan
1577|Anantharam_at_Hyderabad
174|Tandil
4199|Poplar
3756|Appleton
5001|Tonkawa
1960|Ezhimala_Hill
1857|Bireshwarpur
5122|Vidalia
2444|Mantin
3964|Livonia
1495|Hamirpur
3390|Berne
4617|Lake_Jackson
4447|Pine_Bluff
2577|Leidenf
2482|Johor_Bahru
4720|Harris_County
2836|Malita
2966|Diliman
2748|Iligan
4023|San_Diego
4526|Sheboygan
153|Salta
2669|Islamabad/Rawalpindi,Lahore
2601|New_Plymouth
981|Bordeaux
4619|Texas_City
1399|Vanasthali
4579|Potsdam
3436|Beitou
1531|Maharashtra
2085|Haifa
2805|Marawi_City
2867|San_Ildefonso
2333|?bu
1819|Chettipedu
2864|Mariveles
735|Santa_Clara
2912|Gingoog
1322|Tirumala_Venkateswara_Temple
4326|Hackensack
1611|Sangli
3559|Strawberry_Hill
2946|Kabankalan
252|Salzburg
4500|Queensbury
4732|Harrod
5068|Paul_Smiths
2942|Malvar
2591|Delft
1285|Kalyani
3119|Clydebank
4317|Los_Altos_Hills
178|Comahue
4205|Vanderburgh_Countyna
330|Contagem
5070|Elsah
3750|Washington
2456|Nilai
255|Sankt_Pölten
2865|Dalupaon
1896|Birati
247|Bad_Gleichenberg
4306|Aiken
590|Penticton
1608|Bahadurgarh
3136|Livingston
4825|Ottawa_Hills
558|Toronto,
2512|Villahermosa
2921|San_Pedro
1467|Bilaspur
4805|Deerfield
1262|Dum_Dum
2336|Kurokawa_District
2308|Asahi-ku
4788|West_Bloomfield_Township
3313|Plasencia
2329|Abiko
2791|Malaybalay
143|La_Rioja
1272|Arambag
830|Eastbourne
3916|Delhi_Township
4027|Ukiah
4675|Bemidji
4430|Williamsport
4741|Tifton
5064|Keyser
3156|Ko?ice
1415|Nabadwip
3007|Aveiro
4562|Willowbrook
3815|Fayetteville
4629|Willimantic
3736|Savannah
1407|Barasat
3004|Porto
1455|Kultikri
3670|Phoenix
4355|Longmeadow
3651|Daytona_Beach
1060|Bielefeld
1032|Speyer
3363|Stockholm_City_Centre
1776|Poonamallee
213|Redland_City
519|Nipawin
500|Muenster
964|Le_Kremlin-Bicêtre
5093|Grambling
2982|Bia?ystok
4131|Freeport
2846|Daet
2157|Altavilla_Vicentina
4264|Ewing_Township
3985|Owensboro
2906|Baybay_City
1119|Egaleo
2770|Mandaue_City
1955|Sarnath
3766|Fairfield
4379|Richardson
2870|Magalang
3352|Kwaluseni
967|Saint-Quentin-en-Yvelines
3295|Getafe
4403|Westfield
456|Lennoxville
1101|Mittweida
2827|Balanga_City
3288|Málaga
3691|Des_Moines
4162|Jersey_City
1552|Udgir
4499|South_Lancaster
3739|Escondido
